cluster_i	cluster_j	cosine_sim
9	23	0.829097
9	27	0.752824
9	13	0.704677
23	25	0.685102
23	27	0.681078
9	28	0.675773
1	9	0.675352
5	9	0.668806
1	23	0.663316
9	25	0.645498
3	23	0.643901
5	23	0.642921
13	23	0.641292
2	9	0.607819
13	27	0.605904
2	23	0.603894
3	9	0.593320
