cluster_i	cluster_j	cosine_sim
13	21	0.796368
13	18	0.785204
4	13	0.761587
1	13	0.722496
18	21	0.705961
